<?xml version="1.0" encoding="utf-8"?>
<ApplicationInstallerManifest>
   <DefaultInstallationDirectory>/Applications/gravity_2d_game/</DefaultInstallationDirectory>
   <ApplicationName>gravity_2d_game</ApplicationName>
   <ExecutableName>application/gravity_2d_game.exe</ExecutableName>
   <GUID>6be19efa-7548-4dee-9cc3-d45bd7f154b5</GUID>
   <ApplicationIcon>default_icon_48.png</ApplicationIcon>
   <Logo>logo5457670778287688550.tmp</Logo>
   <Version>1.0</Version>
   <InstallationNotes>In the following directions, replace MR/v97 by the directory on the target machine where MATLAB is installed, or MR by the directory where the MATLAB Runtime is installed.

If the environment variable DYLD_LIBRARY_PATH is undefined, set it to the following string:

MR/v97/runtime/maci64:MR/v97/sys/os/maci64:MR/v97/bin/maci64

If it is defined, set it to the following:

${DYLD_LIBRARY_PATH}:MR/v97/runtime/maci64:MR/v97/sys/os/maci64:MR/v97/bin/maci64
</InstallationNotes>
   <Summary>2D Gravity game</Summary>
   <WelcomePanelText>gravity_2d_game 1.0
2D Gravity game

Sim ple 2D gravity game, with predefined data sets and simple 2D density model that the user has to change to fit the data.
</WelcomePanelText>
   <MCRProducts>
      <MCRProduct>
         <ExternalProductIdentifier>35000</ExternalProductIdentifier>
      </MCRProduct>
      <MCRProduct>
         <ExternalProductIdentifier>35010</ExternalProductIdentifier>
      </MCRProduct>
   </MCRProducts>
</ApplicationInstallerManifest>