<?xml version="1.0" encoding="utf-8"?>
<productAdditionalComps>
   <dependsOn>
      <component>
         <name>gravity_2d_game</name>
         <locale/>
         <platformList>
            <platform>maci64</platform>
         </platformList>
         <version>1.0</version>
      </component>
   </dependsOn>
   <isControllingProduct>true</isControllingProduct>
   <platform>maci64</platform>
   <productName>gravity_2d_game</productName>
   <productNumber>5000</productNumber>
   <productBaseCode>gravity_2d_game</productBaseCode>
   <productVersion>1.0</productVersion>
   <releaseFamily>R2019b</releaseFamily>
   <releaseDescription>R2019b</releaseDescription>
</productAdditionalComps>